subject	condition	amplitude	n
19	systole	19.05850709889062	958
19	diastole	15.411362871700176	871
