subject	condition	amplitude	n
20	systole	14.985792437826573	1416
20	diastole	17.09289808642207	1381
