subject	condition	amplitude	n
10	systole	13.307852995143097	613
10	diastole	14.249557294115768	630
