subject	condition	amplitude	n
22	systole	3.124678248133889	978
22	diastole	3.401351242528517	945
