subject	condition	amplitude	n
09	systole	21.382441142517013	1161
09	diastole	21.549988868711843	1072
