subject	condition	amplitude	n
02	systole	9.982524404847874	550
02	diastole	15.066392891319326	586
