subject	condition	amplitude	n
01	systole	16.265517861401385	755
01	diastole	15.98072762984206	694
