subject	condition	amplitude	n
21	systole	17.304368769180265	1324
21	diastole	18.535212774055843	1253
