subject	condition	amplitude	n
12	systole	2.0978291324459826	615
12	diastole	4.785418613861316	603
