subject	condition	amplitude	n
07	systole	12.107983623534208	916
07	diastole	13.570685959250351	890
