subject	condition	amplitude	n
05	systole	7.969637228191474	522
05	diastole	8.900046596651261	408
