subject	condition	amplitude	n
17	systole	11.749618737321581	1334
17	diastole	12.5909501126818	1261
