subject	condition	amplitude	n
04	systole	17.26120475216263	1226
04	diastole	19.160425971649556	1182
