subject	condition	amplitude	n
08	systole	24.838075226532883	1264
08	diastole	21.462536566420646	1235
