subject	condition	amplitude	n
11	systole	16.670506684619667	797
11	diastole	15.784975403699983	804
