subject	condition	amplitude	n
18	systole	5.790227919204726	907
18	diastole	2.73638386558031	977
