subject	condition	amplitude	n
03	systole	14.556405299881485	753
03	diastole	18.94210094013137	776
