subject	condition	amplitude	n
15	systole	19.198892644477453	1233
15	diastole	17.935044130328432	1172
