subject	condition	amplitude	n
14	systole	18.428703311464144	1125
14	diastole	15.90277415475703	1063
