subject	condition	amplitude	n
16	systole	12.847891994995805	902
16	diastole	13.619142273132589	866
